round,roster_id,player_id,picked_by,pick_no,is_keeper,draft_slot,draft_id,years_exp,team,status,sport,position,player_id,number,news_updated,last_name,injury_status,first_name,Player Fullname
1,3,4984,987074330058113024,1,,1,1060410180510253056,6,BUF,Active,nfl,QB,4984,17,1710201638878,Allen,,Josh,Josh Allen
1,12,9758,998692352560746496,2,,2,1060410180510253056,1,HOU,Active,nfl,QB,9758,7,1707446127618,Stroud,,C.J.,C.J. Stroud
1,1,4046,1079146414086705152,3,,3,1060410180510253056,7,KC,Active,nfl,QB,4046,15,1710288050761,Mahomes,,Patrick,Patrick Mahomes
1,8,6904,564369169909952512,4,,4,1060410180510253056,4,PHI,Active,nfl,QB,6904,1,1705419607849,Hurts,,Jalen,Jalen Hurts
1,5,4881,735703182587600896,5,,5,1060410180510253056,6,BAL,Active,nfl,QB,4881,8,1710277550396,Jackson,,Lamar,Lamar Jackson
1,7,6786,992197862165377024,6,,6,1060410180510253056,4,DAL,Active,nfl,WR,6786,88,1713204922648,Lamb,,CeeDee,CeeDee Lamb
1,6,3321,990442792889405440,7,,7,1060410180510253056,8,MIA,Active,nfl,WR,3321,10,1705336856364,Hill,,Tyreek,Tyreek Hill
1,10,7547,991952313524797440,8,,8,1060410180510253056,3,DET,Active,nfl,WR,7547,14,1713974453447,St. Brown,,Amon-Ra,Amon-Ra St. Brown
1,2,7564,564663138659733504,9,,9,1060410180510253056,3,CIN,Active,nfl,WR,7564,1,1713978353483,Chase,,Ja'Marr,Ja'Marr Chase
1,9,6794,857665738834558976,10,,10,1060410180510253056,4,MIN,Active,nfl,WR,6794,18,1714325740300,Jefferson,,Justin,Justin Jefferson
1,6,6797,990442792889405440,11,,11,1060410180510253056,4,LAC,Active,nfl,QB,6797,10,1714105519668,Herbert,,Justin,Justin Herbert
1,11,6770,992249754476257280,12,,12,1060410180510253056,4,CIN,Active,nfl,QB,6770,9,1712978103456,Burrow,,Joe,Joe Burrow
2,11,9229,992249754476257280,13,,12,1060410180510253056,1,IND,Active,nfl,QB,9229,5,1711401042732,Richardson,,Anthony,Anthony Richardson
2,9,11560,857665738834558976,14,,11,1060410180510253056,0,CHI,Active,nfl,QB,11560,18,1714091119838,Williams,,Caleb,Caleb Williams
2,9,9509,857665738834558976,15,,10,1060410180510253056,1,ATL,Active,nfl,RB,9509,7,1710361857718,Robinson,,Bijan,Bijan Robinson
2,2,6804,564663138659733504,16,,9,1060410180510253056,4,GB,Active,nfl,QB,6804,10,1713118815021,Love,,Jordan,Jordan Love
2,10,7523,991952313524797440,17,,8,1060410180510253056,3,JAX,Active,nfl,QB,7523,16,1714263936279,Lawrence,,Trevor,Trevor Lawrence
2,6,11628,990442792889405440,18,,7,1060410180510253056,0,ARI,Active,nfl,WR,11628,,1714092920039,Harrison,,Marvin,Marvin Harrison
2,7,3294,992197862165377024,19,,6,1060410180510253056,8,DAL,Active,nfl,QB,3294,4,1713816920822,Prescott,,Dak,Dak Prescott
2,5,8155,735703182587600896,20,,5,1060410180510253056,2,NYJ,Active,nfl,RB,8155,20,1704666025361,Hall,,Breece,Breece Hall
2,8,10859,564369169909952512,21,,4,1060410180510253056,1,DET,Active,nfl,TE,10859,87,1706500239155,LaPorta,,Sam,Sam LaPorta
2,1,9493,1079146414086705152,22,,3,1060410180510253056,1,LAR,Active,nfl,WR,9493,17,1705292450293,Nacua,,Puka,Puka Nacua
2,12,4034,998692352560746496,23,,2,1060410180510253056,7,SF,Active,nfl,RB,4034,23,1707719754620,McCaffrey,,Christian,Christian McCaffrey
2,9,9221,857665738834558976,24,,1,1060410180510253056,1,DET,Active,nfl,RB,9221,26,1706499339269,Gibbs,,Jahmyr,Jahmyr Gibbs
3,11,5859,992249754476257280,25,,12,1060410180510253056,5,PHI,Active,nfl,WR,5859,11,1714091719892,Brown,,A.J.,A.J. Brown
3,4,5849,1081400535607037952,26,,11,1060410180510253056,5,ARI,Active,nfl,QB,5849,1,1704693328822,Murray,,Kyler,Kyler Murray
3,8,8183,564369169909952512,27,,10,1060410180510253056,2,SF,Active,nfl,QB,8183,13,1707714654773,Purdy,,Brock,Brock Purdy
3,2,11566,564663138659733504,28,,9,1060410180510253056,0,WAS,Active,nfl,QB,11566,,1714091719886,Daniels,,Jayden,Jayden Daniels
3,10,8144,991952313524797440,29,,8,1060410180510253056,2,NO,Active,nfl,WR,8144,12,1704672326688,Olave,,Chris,Chris Olave
3,4,11632,1081400535607037952,30,,7,1060410180510253056,0,NYG,Active,nfl,WR,11632,,1714093519859,Nabers,,Malik,Malik Nabers
3,7,6768,992197862165377024,31,,6,1060410180510253056,4,MIA,Active,nfl,QB,6768,1,1713292231533,Tagovailoa,,Tua,Tua Tagovailoa
3,5,6813,735703182587600896,32,,5,1060410180510253056,4,IND,Active,nfl,RB,6813,28,1704609613850,Taylor,,Jonathan,Jonathan Taylor
3,3,8146,987074330058113024,33,,4,1060410180510253056,2,NYJ,Active,nfl,WR,8146,5,1704729334216,Wilson,,Garrett,Garrett Wilson
3,1,4983,1079146414086705152,34,,3,1060410180510253056,6,CHI,Active,nfl,WR,4983,2,1704684327454,Moore,,DJ,DJ Moore
3,12,7526,998692352560746496,35,,2,1060410180510253056,3,MIA,Active,nfl,WR,7526,17,1713482427498,Waddle,,Jaylen,Jaylen Waddle
3,8,6803,564369169909952512,36,,1,1060410180510253056,4,SF,Active,nfl,WR,6803,11,1714080618894,Aiyuk,,Brandon,Brandon Aiyuk
4,8,8112,564369169909952512,37,,1,1060410180510253056,2,ATL,Active,nfl,WR,8112,5,1710432003688,London,,Drake,Drake London
4,12,8150,998692352560746496,38,,2,1060410180510253056,2,LAR,Active,nfl,RB,8150,23,1705517762233,Williams,,Kyren,Kyren Williams
4,1,7525,1079146414086705152,39,,3,1060410180510253056,3,PHI,Active,nfl,WR,7525,6,1713192621953,Smith,,DeVonta,DeVonta Smith
4,3,9226,987074330058113024,40,,4,1060410180510253056,1,MIA,Active,nfl,RB,9226,28,1713369617938,Achane,,De'Von,De'Von Achane
4,5,11620,735703182587600896,41,,5,1060410180510253056,0,CHI,Active,nfl,WR,11620,15,1714094420332,Odunze,,Rome,Rome Odunze
4,7,6801,992197862165377024,42,,6,1060410180510253056,4,CIN,Active,nfl,WR,6801,5,1713153019671,Higgins,,Tee,Tee Higgins
4,6,7543,990442792889405440,43,,7,1060410180510253056,3,JAX,Active,nfl,RB,7543,1,1714268137941,Etienne,,Travis,Travis Etienne
4,10,4866,991952313524797440,44,,8,1060410180510253056,6,PHI,Active,nfl,RB,4866,26,1710183912987,Barkley,,Saquon,Saquon Barkley
4,2,8130,564663138659733504,45,,9,1060410180510253056,2,ARI,Active,nfl,TE,8130,85,1704688829165,McBride,,Trey,Trey McBride
4,9,7553,857665738834558976,46,,10,1060410180510253056,3,ATL,Active,nfl,TE,7553,8,1710363958107,Pitts,,Kyle,Kyle Pitts
4,4,7569,1081400535607037952,47,,11,1060410180510253056,3,HOU,Active,nfl,WR,7569,12,1712172005848,Collins,,Nico,Nico Collins
4,11,8151,992249754476257280,48,,12,1060410180510253056,2,SEA,Active,nfl,RB,8151,9,1704682828856,Walker,,Kenneth,Kenneth Walker
5,11,6819,992249754476257280,49,,12,1060410180510253056,4,IND,Active,nfl,WR,6819,11,1710175212460,Pittman,,Michael,Michael Pittman
5,4,11564,1081400535607037952,50,,11,1060410180510253056,0,NE,Active,nfl,QB,11564,10,1714092319990,Maye,,Drake,Drake Maye
5,4,11604,1081400535607037952,51,,10,1060410180510253056,0,LV,Active,nfl,TE,11604,,1714096220744,Bowers,,Brock,Brock Bowers
5,2,8138,564663138659733504,52,,9,1060410180510253056,2,BUF,Active,nfl,RB,8138,4,1705894818898,Cook,,James,James Cook
5,10,9502,991952313524797440,53,,8,1060410180510253056,1,HOU,Active,nfl,WR,9502,3,1714337444073,Dell,,Tank,Tank Dell
5,4,9756,1081400535607037952,54,,7,1060410180510253056,1,MIN,Active,nfl,WR,9756,3,1704905149399,Addison,,Jordan,Jordan Addison
5,7,8136,992197862165377024,55,,6,1060410180510253056,2,TB,Active,nfl,RB,8136,1,1705880417432,White,,Rachaad,Rachaad White
5,5,10236,735703182587600896,56,,5,1060410180510253056,1,BUF,Active,nfl,TE,10236,86,1705967150635,Kincaid,,Dalton,Dalton Kincaid
5,3,9997,987074330058113024,57,,4,1060410180510253056,1,BAL,Active,nfl,WR,9997,4,1707426924787,Flowers,,Zay,Zay Flowers
5,1,3198,1079146414086705152,58,,3,1060410180510253056,8,BAL,Active,nfl,RB,3198,22,1712082056436,Henry,,Derrick,Derrick Henry
5,12,11624,998692352560746496,59,,2,1060410180510253056,0,KC,Active,nfl,WR,11624,,1714102526078,Worthy,,Xavier,Xavier Worthy
5,3,5850,987074330058113024,60,,1,1060410180510253056,5,GB,Active,nfl,RB,5850,8,1711476953630,Jacobs,,Josh,Josh Jacobs
6,8,5012,564369169909952512,61,,1,1060410180510253056,6,BAL,Active,nfl,TE,5012,89,1706587546038,Andrews,,Mark,Mark Andrews
6,12,1466,998692352560746496,62,,2,1060410180510253056,11,KC,Active,nfl,TE,1466,87,1707767761505,Kelce,,Travis,Travis Kelce
6,1,10229,1079146414086705152,63,,3,1060410180510253056,1,KC,Active,nfl,WR,10229,4,1713813922098,Rice,,Rashee,Rashee Rice
6,3,2133,987074330058113024,64,,4,1060410180510253056,10,LV,Active,nfl,WR,2133,17,1713149417431,Adams,,Davante,Davante Adams
6,5,8205,735703182587600896,65,,5,1060410180510253056,2,KC,Active,nfl,RB,8205,10,1707713754729,Pacheco,,Isiah,Isiah Pacheco
6,7,8137,992197862165377024,66,,6,1060410180510253056,2,PIT,Active,nfl,WR,8137,14,1705372202342,Pickens,,George,George Pickens
6,6,7591,990442792889405440,67,,7,1060410180510253056,3,PIT,Active,nfl,QB,7591,2,1713967552558,Fields,,Justin,Justin Fields
6,10,3163,991952313524797440,68,,8,1060410180510253056,8,DET,Active,nfl,QB,3163,16,1713990010439,Goff,,Jared,Jared Goff
6,2,5846,564663138659733504,69,,9,1060410180510253056,5,SEA,Active,nfl,WR,5846,14,1704708630891,Metcalf,,DK,DK Metcalf
6,8,10222,564369169909952512,70,,10,1060410180510253056,1,GB,Active,nfl,WR,10222,11,1705814109737,Reed,,Jayden,Jayden Reed
6,6,5844,990442792889405440,71,,11,1060410180510253056,5,MIN,Active,nfl,TE,5844,87,1707405659106,Hockenson,,T.J.,T.J. Hockenson
6,11,5872,992249754476257280,72,,12,1060410180510253056,5,SF,Active,nfl,WR,5872,1,1714190427850,Samuel,,Deebo,Deebo Samuel
7,11,11635,992249754476257280,73,,12,1060410180510253056,0,LAC,Active,nfl,WR,11635,,1714174227142,McConkey,,Ladd,Ladd McConkey
7,4,11565,1081400535607037952,74,,11,1060410180510253056,0,MIN,Active,nfl,QB,11565,,1714127122945,McCarthy,,J.J.,J.J. McCarthy
7,9,4017,857665738834558976,75,,10,1060410180510253056,7,CLE,Active,nfl,QB,4017,4,1713454526446,Watson,,Deshaun,Deshaun Watson
7,2,1166,564663138659733504,76,,9,1060410180510253056,12,ATL,Active,nfl,QB,1166,18,1714326340479,Cousins,,Kirk,Kirk Cousins
7,10,4217,991952313524797440,77,,8,1060410180510253056,7,SF,Active,nfl,TE,4217,85,1711392041148,Kittle,,George,George Kittle
7,6,4018,990442792889405440,78,,7,1060410180510253056,7,HOU,Active,nfl,RB,4018,28,1710454203115,Mixon,,Joe,Joe Mixon
7,7,8110,992197862165377024,79,,6,1060410180510253056,2,DAL,Active,nfl,TE,8110,87,1705285549206,Ferguson,,Jake,Jake Ferguson
7,5,9228,735703182587600896,80,,5,1060410180510253056,1,CAR,Active,nfl,QB,9228,9,1710432903976,Young,,Bryce,Bryce Young
7,3,4066,987074330058113024,81,,4,1060410180510253056,7,JAX,Active,nfl,TE,4066,17,1704699030696,Engram,,Evan,Evan Engram
7,1,96,1079146414086705152,82,,3,1060410180510253056,19,NYJ,Active,nfl,QB,96,8,1713206122751,Rodgers,,Aaron,Aaron Rodgers
7,12,4892,998692352560746496,83,,2,1060410180510253056,6,TB,Active,nfl,QB,4892,6,1710106806215,Mayfield,,Baker,Baker Mayfield
7,9,2449,857665738834558976,84,,1,1060410180510253056,9,HOU,Active,nfl,WR,2449,1,1712265331543,Diggs,,Stefon,Stefon Diggs
8,8,7588,564369169909952512,85,,1,1060410180510253056,3,DEN,Active,nfl,RB,7588,33,1704676527848,Williams,,Javonte,Javonte Williams
8,12,6826,998692352560746496,86,,2,1060410180510253056,4,CHI,Active,nfl,TE,6826,85,1707434124232,Kmet,,Cole,Cole Kmet
8,1,2216,1079146414086705152,87,,3,1060410180510253056,10,TB,Active,nfl,WR,2216,13,1709579419232,Evans,,Mike,Mike Evans
8,3,421,987074330058113024,88,,4,1060410180510253056,15,LAR,Active,nfl,QB,421,9,1714164024583,Stafford,,Matthew,Matthew Stafford
8,5,11637,735703182587600896,89,,5,1060410180510253056,0,BUF,Active,nfl,WR,11637,,1714173927766,Coleman,,Keon,Keon Coleman
8,7,6790,992197862165377024,90,,6,1060410180510253056,4,CHI,Active,nfl,RB,6790,0,1711485954612,Swift,,D'Andre,D'Andre Swift
8,6,4033,990442792889405440,91,,7,1060410180510253056,7,CLE,Active,nfl,TE,4033,85,1705238740893,Njoku,,David,David Njoku
8,10,9999,991952313524797440,92,,8,1060410180510253056,1,TEN,Active,nfl,QB,9999,8,1710435304192,Levis,,Will,Will Levis
8,2,11589,564663138659733504,93,,9,1060410180510253056,0,ARI,Active,nfl,RB,11589,,1714182928135,Benson,,Trey,Trey Benson
8,9,8167,857665738834558976,94,,10,1060410180510253056,2,GB,Active,nfl,WR,8167,9,1711475153075,Watson,,Christian,Christian Watson
8,4,11583,1081400535607037952,95,,11,1060410180510253056,0,CAR,Active,nfl,RB,11583,,1714178133195,Brooks,,Jonathon,Jonathon Brooks
8,11,7528,992249754476257280,96,,12,1060410180510253056,3,PIT,Active,nfl,RB,7528,22,1709269245133,Harris,,Najee,Najee Harris
9,11,9488,992249754476257280,97,,12,1060410180510253056,1,SEA,Active,nfl,WR,9488,11,1704849343338,Smith-Njigba,,Jaxon,Jaxon Smith-Njigba
9,4,5892,1081400535607037952,98,,11,1060410180510253056,5,DET,Active,nfl,RB,5892,5,1706538941865,Montgomery,,David,David Montgomery
9,4,11631,1081400535607037952,99,,10,1060410180510253056,0,JAX,Active,nfl,WR,11631,,1714100424783,Thomas,,Brian,Brian Thomas
9,2,7611,564663138659733504,100,,9,1060410180510253056,3,NE,Active,nfl,RB,7611,38,1708371055903,Stevenson,,Rhamondre,Rhamondre Stevenson
9,10,5967,991952313524797440,101,,8,1060410180510253056,5,TEN,Active,nfl,RB,5967,20,1712805326336,Pollard,,Tony,Tony Pollard
9,6,5927,990442792889405440,102,,7,1060410180510253056,5,WAS,Active,nfl,WR,5927,17,1704684028510,McLaurin,,Terry,Terry McLaurin
9,7,4037,992197862165377024,103,,6,1060410180510253056,7,TB,Active,nfl,WR,4037,14,1710262206010,Godwin,,Chris,Chris Godwin
9,5,2309,735703182587600896,104,,5,1060410180510253056,9,CLE,Active,nfl,WR,2309,2,1711762228809,Cooper,,Amari,Amari Cooper
9,3,9500,987074330058113024,105,,4,1060410180510253056,1,IND,Active,nfl,WR,9500,1,1704900049104,Downs,,Josh,Josh Downs
9,1,4035,1079146414086705152,106,,3,1060410180510253056,7,NO,Active,nfl,RB,4035,41,1708542609915,Kamara,,Alvin,Alvin Kamara
9,12,11563,998692352560746496,107,,2,1060410180510253056,0,DEN,Active,nfl,QB,11563,,1714095920685,Nix,,Bo,Bo Nix
9,8,9508,564369169909952512,108,,1,1060410180510253056,1,TEN,Active,nfl,RB,9508,2,1710259206317,Spears,,Tyjae,Tyjae Spears
10,8,1234,564369169909952512,109,,1,1060410180510253056,12,PIT,Active,nfl,QB,1234,3,1711389940711,Wilson,,Russell,Russell Wilson
10,12,8148,998692352560746496,110,,2,1060410180510253056,2,DET,Active,nfl,WR,8148,9,1714419319073,Williams,,Jameson,Jameson Williams
10,1,4039,1079146414086705152,111,,3,1060410180510253056,7,LAR,Active,nfl,WR,4039,10,1705313752963,Kupp,,Cooper,Cooper Kupp
10,3,8139,987074330058113024,112,,4,1060410180510253056,2,LV,Active,nfl,RB,8139,35,1714417818058,White,,Zamir,Zamir White
10,5,1373,735703182587600896,113,,5,1060410180510253056,11,SEA,Active,nfl,QB,1373,7,1711330234747,Smith,,Geno,Geno Smith
10,7,5870,992197862165377024,114,,6,1060410180510253056,5,NYG,Active,nfl,QB,5870,8,1713206423035,Jones,,Daniel,Daniel Jones
10,6,4988,990442792889405440,115,,7,1060410180510253056,6,CLE,Active,nfl,RB,4988,24,1713463824160,Chubb,,Nick,Nick Chubb
10,10,4950,991952313524797440,116,,8,1060410180510253056,6,JAX,Active,nfl,WR,4950,13,1713299732197,Kirk,,Christian,Christian Kirk
10,2,5937,564663138659733504,117,,9,1060410180510253056,5,CAR,Active,nfl,WR,5937,5,1710286850499,Johnson,,Diontae,Diontae Johnson
10,9,9754,857665738834558976,118,,10,1060410180510253056,1,LAC,Active,nfl,WR,9754,1,1710533421219,Johnston,,Quentin,Quentin Johnston
10,9,8154,857665738834558976,119,,11,1060410180510253056,2,WAS,Active,nfl,RB,8154,8,1710258605725,Robinson,,Brian,Brian Robinson
10,11,11586,992249754476257280,120,,12,1060410180510253056,0,LAR,Active,nfl,RB,11586,,1714185633502,Corum,,Blake,Blake Corum
11,11,6845,992249754476257280,121,,12,1060410180510253056,4,CIN,Active,nfl,RB,6845,31,1714449013102,Moss,,Zack,Zack Moss
11,4,9481,1081400535607037952,122,,11,1060410180510253056,1,GB,Active,nfl,TE,9481,88,1705969550854,Musgrave,,Luke,Luke Musgrave
11,9,5001,857665738834558976,123,,10,1060410180510253056,6,HOU,Active,nfl,TE,5001,86,1709666431256,Schultz,,Dalton,Dalton Schultz
11,2,4199,564663138659733504,124,,9,1060410180510253056,7,MIN,Active,nfl,RB,4199,33,1710256206351,Jones,,Aaron,Aaron Jones
11,10,1479,991952313524797440,125,,8,1060410180510253056,11,CHI,Active,nfl,WR,1479,13,1711393241244,Allen,,Keenan,Keenan Allen
11,6,4663,990442792889405440,126,,7,1060410180510253056,7,WAS,Active,nfl,RB,4663,30,1710198904983,Ekeler,,Austin,Austin Ekeler
11,7,9753,992197862165377024,127,,6,1060410180510253056,1,SEA,Active,nfl,RB,9753,26,1704848104443,Charbonnet,,Zach,Zach Charbonnet
11,5,11626,735703182587600896,128,,5,1060410180510253056,0,CAR,Active,nfl,WR,11626,17,1714104625813,Legette,,Xavier,Xavier Legette
11,3,9224,987074330058113024,129,,4,1060410180510253056,1,CIN,Active,nfl,RB,9224,30,1714424720295,Brown,,Chase,Chase Brown
11,1,5022,1079146414086705152,130,,3,1060410180510253056,6,PHI,Active,nfl,TE,5022,88,1705419908036,Goedert,,Dallas,Dallas Goedert
11,12,5848,998692352560746496,131,,2,1060410180510253056,5,KC,Active,nfl,WR,5848,2,1713633051212,Brown,,Marquise,Marquise Brown
11,8,8228,564369169909952512,132,,1,1060410180510253056,2,PIT,Active,nfl,RB,8228,30,1705372802284,Warren,,Jaylen,Jaylen Warren
12,3,4981,987074330058113024,133,,1,1060410180510253056,6,TEN,Active,nfl,WR,4981,0,1711477854149,Ridley,,Calvin,Calvin Ridley
12,12,4137,998692352560746496,134,,2,1060410180510253056,7,ARI,Active,nfl,RB,4137,6,1714513821122,Conner,,James,James Conner
12,1,10235,1079146414086705152,135,,3,1060410180510253056,1,CHI,Active,nfl,RB,10235,23,1704675627424,Johnson,,Roschon,Roschon Johnson
12,3,11627,987074330058113024,136,,4,1060410180510253056,0,DEN,Active,nfl,WR,11627,,1714234832909,Franklin,,Troy,Troy Franklin
12,5,11625,735703182587600896,137,,5,1060410180510253056,0,IND,Active,nfl,WR,11625,,1714179332956,Mitchell,,Adonai,Adonai Mitchell
12,7,8210,992197862165377024,138,,6,1060410180510253056,2,TEN,Active,nfl,TE,8210,85,1704771341030,Okonkwo,,Chigoziem,Chigoziem Okonkwo
12,6,11559,990442792889405440,139,,7,1060410180510253056,0,ATL,Active,nfl,QB,11559,,1714094420333,Penix,,Michael,Michael Penix
12,10,6783,991952313524797440,140,,8,1060410180510253056,4,CLE,Active,nfl,WR,6783,3,1710881141472,Jeudy,,Jerry,Jerry Jeudy
12,4,11638,1081400535607037952,141,,9,1060410180510253056,0,SF,Active,nfl,WR,11638,,1714482016731,Pearsall,,Ricky,Ricky Pearsall
12,9,6130,857665738834558976,142,,10,1060410180510253056,5,NYG,Active,nfl,RB,6130,26,1710188703857,Singletary,,Devin,Devin Singletary
12,2,8119,564663138659733504,143,,11,1060410180510253056,2,WAS,Active,nfl,WR,8119,1,1704807044950,Dotson,,Jahan,Jahan Dotson
12,11,7600,992249754476257280,144,,12,1060410180510253056,3,PIT,Active,nfl,TE,7600,88,1712239527922,Freiermuth,,Pat,Pat Freiermuth
13,11,8131,992249754476257280,145,,12,1060410180510253056,2,BAL,Active,nfl,TE,8131,80,1708442701686,Likely,,Isaiah,Isaiah Likely
13,2,11643,564663138659733504,146,,11,1060410180510253056,0,MIA,Active,nfl,RB,11643,,1714238437431,Wright,,Jaylen,Jaylen Wright
13,9,5045,857665738834558976,147,,10,1060410180510253056,6,DEN,Active,nfl,WR,5045,14,1713550232272,Sutton,,Courtland,Courtland Sutton
13,4,8143,1081400535607037952,148,,9,1060410180510253056,2,CLE,Active,nfl,RB,8143,34,1705200636364,Ford,,Jerome,Jerome Ford
13,10,5947,991952313524797440,149,,8,1060410180510253056,5,LV,Active,nfl,WR,5947,16,1710540321514,Meyers,,Jakobi,Jakobi Meyers
13,6,2028,990442792889405440,150,,7,1060410180510253056,10,NO,Active,nfl,QB,2028,4,1708715124808,Carr,,Derek,Derek Carr
13,7,8121,992197862165377024,151,,6,1060410180510253056,2,GB,Active,nfl,WR,8121,87,1705813210179,Doubs,,Romeo,Romeo Doubs
13,5,2749,735703182587600896,152,,5,1060410180510253056,9,MIA,Active,nfl,RB,2749,31,1711744246919,Mostert,,Raheem,Raheem Mostert
13,8,11581,564369169909952512,153,,4,1060410180510253056,0,GB,Active,nfl,RB,11581,,1714187736758,Lloyd,,MarShawn,MarShawn Lloyd
13,1,1426,1079146414086705152,154,,3,1060410180510253056,11,TEN,Active,nfl,WR,1426,10,1704699630574,Hopkins,,DeAndre,DeAndre Hopkins
13,12,7670,998692352560746496,155,,2,1060410180510253056,3,LAC,Active,nfl,WR,7670,5,1710533421215,Palmer,,Joshua,Joshua Palmer
13,8,2374,564369169909952512,156,,1,1060410180510253056,9,SEA,Active,nfl,WR,2374,16,1710060604002,Lockett,,Tyler,Tyler Lockett
14,8,10232,564369169909952512,157,,1,1060410180510253056,1,ARI,Active,nfl,WR,10232,14,1710534021289,Wilson,,Michael,Michael Wilson
14,12,11596,998692352560746496,158,,2,1060410180510253056,0,WAS,Active,nfl,TE,11596,,1714179034762,Sinnott,,Ben,Ben Sinnott
14,1,3214,1079146414086705152,159,,3,1060410180510253056,8,NE,Active,nfl,TE,3214,85,1709918150708,Henry,,Hunter,Hunter Henry
14,8,9511,564369169909952512,160,,4,1060410180510253056,1,BAL,Active,nfl,RB,9511,34,1710357057114,Mitchell,,Keaton,Keaton Mitchell
14,5,9484,735703182587600896,161,,5,1060410180510253056,1,GB,Active,nfl,TE,9484,85,1705814709749,Kraft,,Tucker,Tucker Kraft
14,7,8129,992197862165377024,162,,6,1060410180510253056,2,HOU,Active,nfl,RB,8129,31,1710276650671,Pierce,,Dameon,Dameon Pierce
14,6,11640,990442792889405440,163,,7,1060410180510253056,0,CIN,Active,nfl,WR,11640,,1714186235660,Burton,,Jermaine,Jermaine Burton
14,10,9482,991952313524797440,164,,8,1060410180510253056,1,LV,Active,nfl,TE,9482,87,1714105220083,Mayer,,Michael,Michael Mayer
14,2,9757,564663138659733504,165,,9,1060410180510253056,1,NO,Active,nfl,RB,9757,25,1704676228117,Miller,,Kendre,Kendre Miller
14,9,6011,857665738834558976,166,,10,1060410180510253056,5,LV,Active,nfl,QB,6011,15,1714446012993,Minshew,,Gardner,Gardner Minshew
14,4,11619,1081400535607037952,167,,11,1060410180510253056,0,NE,Active,nfl,WR,11619,,1714175427736,Polk,,Ja'Lynn,Ja'Lynn Polk
14,11,11630,992249754476257280,168,,12,1060410180510253056,0,PIT,Active,nfl,WR,11630,,1714187136235,Wilson,,Roman,Roman Wilson
15,11,11584,992249754476257280,169,,12,1060410180510253056,0,TB,Active,nfl,RB,11584,,1714239036857,Irving,,Bucky,Bucky Irving
15,4,5248,1081400535607037952,170,,11,1060410180510253056,6,LAC,Active,nfl,RB,5248,4,1714420518499,Edwards,,Gus,Gus Edwards
15,9,9486,857665738834558976,171,,10,1060410180510253056,1,GB,Active,nfl,WR,9486,13,1705961450126,Wicks,,Dontayvion,Dontayvion Wicks
15,2,11575,564663138659733504,172,,9,1060410180510253056,0,BUF,Active,nfl,RB,11575,,1714239937492,Davis,,Ray,Ray Davis
15,10,8132,991952313524797440,173,,8,1060410180510253056,2,ATL,Active,nfl,RB,8132,25,1705509959943,Allgeier,,Tyler,Tyler Allgeier
15,6,11562,990442792889405440,174,,7,1060410180510253056,0,NO,Active,nfl,QB,11562,,1714243838349,Rattler,,Spencer,Spencer Rattler
15,7,6943,992197862165377024,175,,6,1060410180510253056,4,JAX,Active,nfl,WR,6943,13,1714581031160,Davis,,Gabe,Gabe Davis
15,5,6806,735703182587600896,176,,5,1060410180510253056,4,LAC,Active,nfl,RB,6806,27,1714505418071,Dobbins,Questionable,J.K.,J.K. Dobbins
15,3,8134,987074330058113024,177,,4,1060410180510253056,2,BUF,Active,nfl,WR,8134,10,1714543223442,Shakir,,Khalil,Khalil Shakir
15,1,7090,1079146414086705152,178,,3,1060410180510253056,4,ATL,Active,nfl,WR,7090,1,1710259205352,Mooney,,Darnell,Darnell Mooney
15,12,7594,998692352560746496,179,,2,1060410180510253056,3,CAR,Active,nfl,RB,7594,30,1714512020442,Hubbard,,Chuba,Chuba Hubbard
15,8,4068,564369169909952512,180,,1,1060410180510253056,7,NYJ,Active,nfl,WR,4068,81,1711399541933,Williams,Questionable,Mike,Mike Williams
16,8,11617,564369169909952512,181,,1,1060410180510253056,0,NYJ,Active,nfl,WR,11617,,1714182327892,Corley,,Malachi,Malachi Corley
16,12,8676,998692352560746496,182,,2,1060410180510253056,2,NO,Active,nfl,WR,8676,22,1714419018021,Shaheed,,Rashid,Rashid Shaheed
16,1,8111,1079146414086705152,183,,3,1060410180510253056,2,TB,Active,nfl,TE,8111,88,1705885218195,Otton,,Cade,Cade Otton
16,3,7021,987074330058113024,184,,4,1060410180510253056,4,DAL,Active,nfl,RB,7021,23,1714419920323,Dowdle,,Rico,Rico Dowdle
16,5,7571,735703182587600896,185,,5,1060410180510253056,3,BAL,Active,nfl,WR,7571,7,1713981310650,Bateman,,Rashod,Rashod Bateman
16,7,11600,992197862165377024,186,,6,1060410180510253056,0,CAR,Active,nfl,TE,11600,,1714234832914,Sanders,,Ja'Tavion,Ja'Tavion Sanders
16,6,8135,990442792889405440,187,,7,1060410180510253056,2,TEN,Active,nfl,WR,8135,16,1710523520143,Burks,,Treylon,Treylon Burks
16,10,9494,991952313524797440,188,,8,1060410180510253056,1,DEN,Active,nfl,WR,9494,19,1710006658192,Mims,,Marvin,Marvin Mims
16,2,6945,564663138659733504,189,,9,1060410180510253056,4,NE,Active,nfl,RB,6945,21,1710184513555,Gibson,,Antonio,Antonio Gibson
16,9,8230,857665738834558976,190,,10,1060410180510253056,2,MIN,Active,nfl,RB,8230,32,1710276350404,Chandler,,Ty,Ty Chandler
16,4,4082,1081400535607037952,191,,11,1060410180510253056,7,BUF,Active,nfl,WR,4082,1,1714432520607,Samuel,,Curtis,Curtis Samuel
16,2,11645,564663138659733504,192,,12,1060410180510253056,0,NE,Active,nfl,WR,11645,,1714236634894,Baker,,Javon,Javon Baker
17,11,11576,992249754476257280,193,,12,1060410180510253056,0,NYJ,Active,nfl,RB,11576,,1714240840424,Allen,,Braelon,Braelon Allen
17,4,8172,1081400535607037952,194,,11,1060410180510253056,2,DEN,Active,nfl,TE,8172,80,1704319252736,Dulcich,Questionable,Greg,Greg Dulcich
17,9,5987,857665738834558976,195,,10,1060410180510253056,5,LV,Active,nfl,RB,5987,25,1710800146484,Mattison,,Alexander,Alexander Mattison
17,11,11618,992249754476257280,196,,9,1060410180510253056,0,TB,Active,nfl,WR,11618,,1714188938026,McMillan,,Jalen,Jalen McMillan
17,10,1689,991952313524797440,197,,8,1060410180510253056,11,CAR,Active,nfl,WR,1689,19,1704758738423,Thielen,,Adam,Adam Thielen
17,6,2197,990442792889405440,198,,7,1060410180510253056,10,DAL,Active,nfl,WR,2197,3,1705942524067,Cooks,,Brandin,Brandin Cooks
17,7,10866,992197862165377024,199,,6,1060410180510253056,1,LV,Active,nfl,QB,10866,4,1714423218344,O'Connell,,Aidan,Aidan O'Connell
17,5,11629,735703182587600896,200,,5,1060410180510253056,0,BAL,Active,nfl,WR,11629,,1714237235057,Walker,,Devontez,Devontez Walker
17,3,11579,987074330058113024,201,,4,1060410180510253056,0,DEN,Active,nfl,RB,11579,,1714243538124,Estime,,Audric,Audric Estime
17,1,11621,1079146414086705152,202,,3,1060410180510253056,0,LAC,Active,nfl,WR,11621,,1714256734964,Rice,,Brenden,Brenden Rice
17,12,3164,998692352560746496,203,,2,1060410180510253056,8,DAL,Active,nfl,RB,3164,15,1714573230512,Elliott,,Ezekiel,Ezekiel Elliott
17,3,11647,987074330058113024,204,,1,1060410180510253056,0,LAC,Active,nfl,RB,11647,,1714250134359,Vidal,,Kimani,Kimani Vidal
18,8,11597,564369169909952512,205,,1,1060410180510253056,0,NYG,Active,nfl,TE,11597,,1714236033984,Johnson,,Theo,Theo Johnson
18,12,11567,998692352560746496,206,,2,1060410180510253056,0,NYJ,Active,nfl,QB,11567,,1714248334392,Travis,Questionable,Jordan,Jordan Travis
18,1,11650,1079146414086705152,207,,3,1060410180510253056,0,WAS,Active,nfl,WR,11650,,1714190429585,McCaffrey,,Luke,Luke McCaffrey
18,3,6865,987074330058113024,208,,4,1060410180510253056,4,LAR,Active,nfl,TE,6865,86,1710189903815,Parkinson,,Colby,Colby Parkinson
18,5,11577,735703182587600896,209,,5,1060410180510253056,0,PHI,Active,nfl,RB,11577,,1714239637124,Shipley,,Will,Will Shipley
18,7,9501,992197862165377024,210,,6,1060410180510253056,1,NE,Active,nfl,WR,9501,3,1704678027446,Douglas,,DeMario,DeMario Douglas
18,6,11651,990442792889405440,211,,7,1060410180510253056,0,SF,Active,nfl,RB,11651,49,1714240233392,Guerendo,,Isaac,Isaac Guerendo
18,10,9225,991952313524797440,212,,8,1060410180510253056,1,JAX,Active,nfl,RB,9225,4,1705422008764,Bigsby,,Tank,Tank Bigsby
18,11,8162,992249754476257280,213,,9,1060410180510253056,2,SEA,Active,nfl,QB,8162,6,1711329635167,Howell,,Sam,Sam Howell
18,9,9497,857665738834558976,214,,10,1060410180510253056,1,NYG,Active,nfl,WR,9497,13,1714606533654,Hyatt,,Jalin,Jalin Hyatt
18,4,11610,1081400535607037952,215,,11,1060410180510253056,0,MIA,Active,nfl,WR,11610,,1714250734572,Washington,,Malik,Malik Washington
18,2,11592,564663138659733504,216,,12,1060410180510253056,0,CIN,Active,nfl,TE,11592,83,1714237537238,All,Questionable,Erick,Erick All
19,11,11603,992249754476257280,217,,12,1060410180510253056,0,SEA,Active,nfl,TE,11603,88,1714238437428,Barner,,AJ,AJ Barner
19,2,7002,564663138659733504,218,,11,1060410180510253056,4,NO,Active,nfl,TE,7002,83,1704678927573,Johnson,,Juwan,Juwan Johnson
19,9,10226,857665738834558976,219,,10,1060410180510253056,1,CIN,Active,nfl,WR,10226,80,1705264845529,Iosivas,,Andrei,Andrei Iosivas
19,4,7601,1081400535607037952,220,,9,1060410180510253056,3,ATL,Active,nfl,WR,7601,9,1710438004493,Moore,,Rondale,Rondale Moore
19,10,8126,991952313524797440,221,,8,1060410180510253056,2,NYG,Active,nfl,WR,8126,17,1704677427430,Robinson,,Wan'Dale,Wan'Dale Robinson
19,6,11616,990442792889405440,222,,7,1060410180510253056,0,SF,Active,nfl,WR,11616,83,1714240840422,Cowing,,Jacob,Jacob Cowing
19,7,7596,992197862165377024,223,,6,1060410180510253056,3,CLE,Active,nfl,WR,7596,8,1710524120483,Moore,,Elijah,Elijah Moore
19,5,5857,735703182587600896,224,,5,1060410180510253056,5,SEA,Active,nfl,TE,5857,87,1710201638876,Fant,Questionable,Noah,Noah Fant
19,3,11655,987074330058113024,225,,4,1060410180510253056,0,NYG,Active,nfl,RB,11655,,1714247143067,Tracy,,Tyrone,Tyrone Tracy
19,1,11574,1079146414086705152,226,,3,1060410180510253056,0,LV,Active,nfl,RB,11574,23,1714254935037,Laube,,Dylan,Dylan Laube
19,12,11644,998692352560746496,227,,2,1060410180510253056,0,SF,Active,nfl,RB,11644,38,1714417812691,Schrader,,Cody,Cody Schrader
19,8,11439,564369169909952512,228,,1,1060410180510253056,1,DEN,Active,nfl,RB,11439,38,1705524902203,McLaughlin,Questionable,Jaleel,Jaleel McLaughlin
20,8,7828,564369169909952512,229,,1,1060410180510253056,3,KC,Active,nfl,TE,7828,83,1705516860871,Gray,,Noah,Noah Gray
20,12,11615,998692352560746496,230,,2,1060410180510253056,0,PHI,Active,nfl,WR,11615,,1714244439960,Smith,,Ainias,Ainias Smith
20,1,10225,1079146414086705152,231,,3,1060410180510253056,1,CAR,Active,nfl,WR,10225,15,1714161624875,Mingo,,Jonathan,Jonathan Mingo
20,3,10863,987074330058113024,232,,4,1060410180510253056,1,NO,Active,nfl,WR,10863,17,1704678327589,Perry,,A.T.,A.T. Perry
20,5,9505,735703182587600896,233,,5,1060410180510253056,1,DAL,Active,nfl,RB,9505,42,1704304550096,Vaughn,Questionable,Deuce,Deuce Vaughn
20,7,6151,992197862165377024,234,,6,1060410180510253056,5,CAR,Active,nfl,RB,6151,6,1714423819497,Sanders,,Miles,Miles Sanders
20,6,4111,990442792889405440,235,,7,1060410180510253056,7,CLE,Active,nfl,RB,4111,27,1710966053147,Foreman,,D'Onta,D'Onta Foreman
20,10,7608,991952313524797440,236,,8,1060410180510253056,3,CHI,Active,nfl,RB,7608,24,1714664138627,Herbert,,Khalil,Khalil Herbert
20,2,9998,564663138659733504,237,,9,1060410180510253056,1,DET,Active,nfl,QB,9998,2,1707708353827,Hooker,,Hendon,Hendon Hooker
20,9,10228,857665738834558976,238,,10,1060410180510253056,1,CIN,Active,nfl,WR,10228,15,1705385403661,Jones,,Charlie,Charlie Jones
20,4,11570,1081400535607037952,239,,11,1060410180510253056,0,BAL,Active,nfl,RB,11570,,1714246841200,Ali,Questionable,Rasheen,Rasheen Ali
20,11,7610,992249754476257280,240,,12,1060410180510253056,3,DAL,Active,nfl,QB,7610,15,1714630536681,Lance,,Trey,Trey Lance
21,11,7561,992249754476257280,241,,12,1060410180510253056,3,SF,Active,nfl,RB,7561,25,1706729159160,Mitchell,,Elijah,Elijah Mitchell
21,4,4943,1081400535607037952,242,,11,1060410180510253056,6,MIN,Active,nfl,QB,4943,14,1714415150543,Darnold,,Sam,Sam Darnold
21,9,8225,857665738834558976,243,,10,1060410180510253056,2,NYG,Active,nfl,TE,8225,82,1704943243233,Bellinger,,Daniel,Daniel Bellinger
21,2,5010,564663138659733504,244,,9,1060410180510253056,6,LAC,Active,nfl,TE,5010,81,1710195605761,Dissly,,Will,Will Dissly
21,10,10444,991952313524797440,245,,8,1060410180510253056,1,CLE,Active,nfl,WR,10444,19,1705524602145,Tillman,Questionable,Cedric,Cedric Tillman
21,6,11595,990442792889405440,246,,7,1060410180510253056,0,KC,Active,nfl,TE,11595,12,1714240238015,Wiley,,Jared,Jared Wiley
21,7,4381,992197862165377024,247,,6,1060410180510253056,7,NO,Active,nfl,TE,4381,7,1704677427434,Hill,,Taysom,Taysom Hill
21,5,6828,735703182587600896,248,,5,1060410180510253056,4,GB,Active,nfl,RB,6828,28,1714512620716,Dillon,,AJ,AJ Dillon
21,3,11599,987074330058113024,249,,4,1060410180510253056,0,HOU,Active,nfl,TE,11599,,1714238437444,Stover,,Cade,Cade Stover
21,1,9220,1079146414086705152,250,,3,1060410180510253056,1,IND,Active,nfl,RB,9220,26,1697219756586,Hull,Questionable,Evan,Evan Hull
21,12,7606,998692352560746496,251,,2,1060410180510253056,3,KC,Active,nfl,WR,7606,19,1713887137470,Toney,,Kadarius,Kadarius Toney
21,8,8160,564369169909952512,252,,1,1060410180510253056,2,PHI,Active,nfl,QB,8160,8,1710529522006,Pickett,,Kenny,Kenny Pickett
22,8,5970,564369169909952512,253,,1,1060410180510253056,5,ARI,Active,nfl,WR,5970,4,1712177119570,Dortch,,Greg,Greg Dortch
22,12,8188,998692352560746496,254,,2,1060410180510253056,2,NE,Active,nfl,WR,8188,11,1704982546829,Thornton,Questionable,Tyquan,Tyquan Thornton
22,1,9227,1079146414086705152,255,,3,1060410180510253056,1,NYJ,Active,nfl,RB,9227,25,1704686429386,Abanikanda,,Israel,Israel Abanikanda
22,3,8219,987074330058113024,256,,4,1060410180510253056,2,IND,Active,nfl,TE,8219,80,1709833854302,Woods,Questionable,Jelani,Jelani Woods
22,5,8159,735703182587600896,257,,5,1060410180510253056,2,ARI,Active,nfl,QB,8159,9,1710438004491,Ridder,,Desmond,Desmond Ridder
22,7,7567,992197862165377024,258,,6,1060410180510253056,3,PHI,Active,nfl,RB,7567,14,1710267006761,Gainwell,,Kenneth,Kenneth Gainwell
22,6,4040,990442792889405440,259,,7,1060410180510253056,7,NE,Active,nfl,WR,4040,7,1714675227781,Smith-Schuster,,JuJu,JuJu Smith-Schuster
22,10,9492,991952313524797440,260,,8,1060410180510253056,1,TB,Active,nfl,WR,9492,10,1714589432032,Palmer,,Trey,Trey Palmer
22,2,4951,564663138659733504,261,,9,1060410180510253056,6,LAC,Active,nfl,WR,4951,17,1714705531079,Chark,,DJ,DJ Chark
22,9,2078,857665738834558976,262,,10,1060410180510253056,10,MIA,Active,nfl,WR,2078,3,1714750537378,Beckham,,Odell,Odell Beckham
22,4,11605,1081400535607037952,263,,11,1060410180510253056,0,NE,Active,nfl,TE,11605,,1714257038609,Bell,,Jaheim,Jaheim Bell
22,11,7562,992249754476257280,264,,12,1060410180510253056,3,LAR,Active,nfl,WR,7562,5,1705347658278,Atwell,,Tutu,Tutu Atwell
23,11,11590,992249754476257280,265,,12,1060410180510253056,0,ATL,Active,nfl,RB,11590,,1714250734567,McClellan,,Jase,Jase McClellan
23,4,6820,1081400535607037952,266,,11,1060410180510253056,4,KC,Active,nfl,RB,6820,25,1712089858263,Edwards-Helaire,,Clyde,Clyde Edwards-Helaire
23,9,3225,857665738834558976,267,,10,1060410180510253056,8,CIN,Active,nfl,WR,3225,83,1714630536684,Boyd,,Tyler,Tyler Boyd
23,2,1339,564663138659733504,268,,9,1060410180510253056,11,WAS,Active,nfl,TE,1339,86,1714623034531,Ertz,,Zach,Zach Ertz
23,10,5906,991952313524797440,269,,8,1060410180510253056,5,BUF,Active,nfl,TE,5906,88,1710177912651,Knox,,Dawson,Dawson Knox
23,6,11571,990442792889405440,270,,7,1060410180510253056,0,NYJ,Active,nfl,RB,11571,32,1714248934386,Davis,,Isaiah,Isaiah Davis
23,7,4080,992197862165377024,271,,6,1060410180510253056,7,,Active,nfl,WR,4080,7,1714487418759,Jones,,Zay,Zay Jones
23,5,7066,735703182587600896,272,,5,1060410180510253056,4,NE,Active,nfl,WR,7066,2,1710724837252,Osborn,,K.J.,K.J. Osborn
23,3,3286,987074330058113024,273,,4,1060410180510253056,8,LAR,Active,nfl,WR,3286,15,1708748752206,Robinson,,Demarcus,Demarcus Robinson
23,1,8142,1079146414086705152,274,,3,1060410180510253056,2,IND,Active,nfl,WR,8142,14,1714362053687,Pierce,,Alec,Alec Pierce
23,12,11633,998692352560746496,275,,2,1060410180510253056,0,CLE,Active,nfl,WR,11633,80,1714245039349,Thrash,,Jamari,Jamari Thrash
23,8,3357,564369169909952512,276,,1,1060410180510253056,8,SF,Active,nfl,QB,3357,17,1710191703623,Allen,,Brandon,Brandon Allen
24,8,11561,564369169909952512,277,,1,1060410180510253056,0,GB,Active,nfl,QB,11561,,1714258540653,Pratt,,Michael,Michael Pratt
24,12,11573,998692352560746496,278,,2,1060410180510253056,0,BUF,Active,nfl,RB,11573,,1714418712152,Gore,,Frank,Frank Gore
24,1,8168,1079146414086705152,279,,3,1060410180510253056,2,KC,Active,nfl,WR,8168,24,1713886537374,Moore,,Skyy,Skyy Moore
24,3,11636,987074330058113024,280,,4,1060410180510253056,0,PHI,Active,nfl,WR,11636,89,1714250734562,Wilson,,Johnny,Johnny Wilson
24,5,10860,735703182587600896,281,,5,1060410180510253056,1,BAL,Active,nfl,QB,10860,12,1704043814409,Cunningham,,Malik,Malik Cunningham
24,7,4089,992197862165377024,282,,6,1060410180510253056,7,CHI,Active,nfl,TE,4089,14,1710270006754,Everett,Questionable,Gerald,Gerald Everett
24,6,11598,990442792889405440,283,,7,1060410180510253056,0,CIN,Active,nfl,TE,11598,84,1714251640740,McLachlan,,Tanner,Tanner McLachlan
24,10,5133,991952313524797440,284,,8,1060410180510253056,6,NYJ,Active,nfl,TE,5133,83,1704686729089,Conklin,,Tyler,Tyler Conklin
24,2,6149,564663138659733504,285,,9,1060410180510253056,5,NYG,Active,nfl,WR,6149,86,1714622434496,Slayton,Questionable,Darius,Darius Slayton
24,9,8116,857665738834558976,286,,10,1060410180510253056,2,CLE,Active,nfl,RB,8116,20,1705523102305,Strong,Questionable,Pierre,Pierre Strong
24,4,2505,1081400535607037952,287,,11,1060410180510253056,9,NYG,Active,nfl,TE,2505,12,1713492026870,Waller,,Darren,Darren Waller
24,11,10871,992249754476257280,288,,12,1060410180510253056,1,DAL,Active,nfl,TE,10871,86,1711459851518,Schoonmaker,Questionable,Luke,Luke Schoonmaker
25,11,2161,992249754476257280,289,,12,1060410180510253056,10,KC,Active,nfl,RB,2161,1,1707690052043,McKinnon,,Jerick,Jerick McKinnon
25,4,3257,1081400535607037952,290,,11,1060410180510253056,8,NE,Active,nfl,QB,3257,14,1714156523589,Brissett,,Jacoby,Jacoby Brissett
25,9,10218,857665738834558976,291,,10,1060410180510253056,1,HOU,Active,nfl,WR,10218,19,1707056447053,Hutchinson,,Xavier,Xavier Hutchinson
25,2,11783,564663138659733504,292,,9,1060410180510253056,0,DAL,Active,nfl,WR,11783,18,1714305640147,Flournoy,,Ryan,Ryan Flournoy
25,10,6938,991952313524797440,293,,8,1060410180510253056,4,MIN,Active,nfl,RB,6938,31,1710363657145,Akers,Questionable,Cam,Cam Akers
25,6,4147,990442792889405440,294,,7,1060410180510253056,7,DEN,Active,nfl,RB,4147,25,1704912029104,Perine,,Samaje,Samaje Perine
25,7,3199,992197862165377024,295,,6,1060410180510253056,8,NO,Active,nfl,WR,3199,13,1710367257563,Thomas,Questionable,Michael,Michael Thomas
25,5,11716,735703182587600896,296,,5,1060410180510253056,0,ARI,Active,nfl,TE,11716,,1714219231531,Reiman,,Tip,Tip Reiman
25,3,8204,987074330058113024,297,,4,1060410180510253056,2,GB,Active,nfl,WR,8204,80,1705961749933,Melton,,Bo,Bo Melton
25,1,3271,1079146414086705152,298,,3,1060410180510253056,8,LAR,Active,nfl,TE,3271,89,1709234741141,Higbee,Questionable,Tyler,Tyler Higbee
25,12,4234,998692352560746496,299,,2,1060410180510253056,7,HOU,Active,nfl,WR,4234,85,1710276950333,Brown,Questionable,Noah,Noah Brown
25,8,6886,564369169909952512,300,,1,1060410180510253056,4,BUF,Active,nfl,WR,6886,83,1714751137334,Claypool,,Chase,Chase Claypool
26,8,7607,564369169909952512,301,,1,1060410180510253056,3,ARI,Active,nfl,RB,7607,22,1706937322481,Carter,,Michael,Michael Carter
26,12,10210,998692352560746496,302,,2,1060410180510253056,1,SF,Active,nfl,TE,10210,81,1693350010240,Latu,Questionable,Cameron,Cameron Latu
26,1,6824,1079146414086705152,303,,3,1060410180510253056,4,DET,Active,nfl,WR,6824,19,1710644430188,Peoples-Jones,,Donovan,Donovan Peoples-Jones
26,3,8408,987074330058113024,304,,4,1060410180510253056,2,SF,Active,nfl,RB,8408,24,1704758738427,Mason,,Jordan,Jordan Mason
26,5,11556,735703182587600896,305,,5,1060410180510253056,0,BAL,Active,nfl,QB,11556,13,1714255535045,Leary,,Devin,Devin Leary
26,7,8147,992197862165377024,306,,6,1060410180510253056,2,HOU,Active,nfl,WR,8147,8,1707054047024,Metchie,,John,John Metchie
26,6,5038,990442792889405440,307,,7,1060410180510253056,6,LV,Active,nfl,WR,5038,13,1714438812346,Gallup,,Michael,Michael Gallup
26,10,9490,991952313524797440,308,,8,1060410180510253056,1,CHI,Active,nfl,WR,9490,10,1704715233207,Scott,,Tyler,Tyler Scott
26,2,4993,564663138659733504,309,,9,1060410180510253056,6,CIN,Active,nfl,TE,4993,88,1710257105680,Gesicki,,Mike,Mike Gesicki
26,9,5955,857665738834558976,310,,10,1060410180510253056,5,,Active,nfl,WR,5955,13,1710346555671,Renfrow,,Hunter,Hunter Renfrow
26,4,4179,1081400535607037952,311,,11,1060410180510253056,7,SF,Active,nfl,QB,4179,5,1710804346190,Dobbs,,Joshua,Joshua Dobbs
26,11,11646,992249754476257280,312,,12,1060410180510253056,0,CAR,Active,nfl,WR,11646,,1714422012858,Coker,,Jalen,Jalen Coker
27,11,11588,992249754476257280,313,,12,1060410180510253056,0,HOU,Active,nfl,RB,11588,,1714253734758,Jordan,,Jawhar,Jawhar Jordan
27,4,11623,1081400535607037952,314,,11,1060410180510253056,0,LAR,Active,nfl,WR,11623,88,1714255535051,Whittington,Questionable,Jordan,Jordan Whittington
27,9,9479,857665738834558976,315,,10,1060410180510253056,1,PIT,Active,nfl,TE,9479,80,1705095921731,Washington,,Darnell,Darnell Washington
27,2,11857,564663138659733504,316,,9,1060410180510253056,0,PIT,Active,nfl,RB,11857,,1714269938811,Edwards,,Daijun,Daijun Edwards
27,10,5284,991952313524797440,317,,8,1060410180510253056,6,MIA,Active,nfl,RB,5284,23,1705446331443,Wilson,,Jeff,Jeff Wilson
27,6,6111,990442792889405440,318,,7,1060410180510253056,5,CIN,Active,nfl,QB,6111,6,1713896146336,Browning,,Jake,Jake Browning
27,7,9506,992197862165377024,319,,6,1060410180510253056,1,TB,Active,nfl,RB,9506,44,1706768102404,Tucker,,Sean,Sean Tucker
27,5,11649,735703182587600896,320,,5,1060410180510253056,0,PHI,Active,nfl,RB,11649,,1714420212358,Milton,,Kendall,Kendall Milton
27,3,11557,987074330058113024,321,,4,1060410180510253056,0,NE,Active,nfl,QB,11557,,1714319141180,Milton,,Joe,Joe Milton
27,1,4149,1079146414086705152,322,,3,1060410180510253056,7,NO,Active,nfl,RB,4149,21,1704676827893,Williams,,Jamaal,Jamaal Williams
27,12,11199,998692352560746496,323,,2,1060410180510253056,1,ARI,Active,nfl,RB,11199,31,1706937622992,Demercado,,Emari,Emari Demercado
27,8,7585,564369169909952512,324,,1,1060410180510253056,3,HOU,Active,nfl,QB,7585,10,1706013054267,Mills,,Davis,Davis Mills
